{
  "total_budget": 725604,
  "hierarchical": {
    "best_budget_pct": 98.51103356651838,
    "best_cost": 714800,
    "best_allocation": [
      20,
      0,
      0,
      80
    ],
    "best_utility": 1604,
    "worst_budget_pct": 46.581882128543945,
    "worst_cost": 338000,
    "worst_allocation": [
      80,
      0,
      20,
      0
    ],
    "worst_utility": 918,
    "group_names": [
      "Syrenka",
      "Marysin",
      "Anin",
      "SP218"
    ],
    "all_budget_pcts": [
      78.6241531193323,
      84.50890568409216,
      80.37441910463559,
      89.40138146978242,
      95.39638700999443,
      76.03320819620619,
      88.8570074034873,
      69.93484049150777,
      70.9684621363719,
      84.8189921775514,
      86.2660624803612,
      91.7511480091069,
      77.99708932144807,
      83.85427864234487,
      93.15687344612212,
      72.11233675668822,
      63.18184574506205,
      64.49109982855661,
      91.06206691253081,
      77.58364066350241,
      71.69888809874256,
      98.51103356651838,
      79.58886665453883,
      80.62248829940299,
      94.47301834058247,
      95.92008864339226,
      83.936968373934,
      70.18290968627517,
      76.04009900717196,
      85.34269381094923,
      91.9992172038743,
      83.0687261922481,
      84.37798027574269,
      77.18397362748827,
      63.70554737845988,
      91.58576854592863,
      79.35457908170297,
      65.60052039404414,
      71.45770971494093,
      80.7603045187182,
      69.94862211343928,
      61.01813110181311,
      62.32738518530769,
      82.83443861941224,
      69.35601237038385,
      63.471259805624,
      74.87555195395835,
      65.94506094233218,
      67.25431502582676,
      70.29316266172734,
      56.81473641269894,
      78.63104393029808,
      60.06030837757233,
      46.581882128543945,
      50.9299838479391,
      82.04199535834972
    ]
  },
  "approx_max_group": {
    "best_budget_pct": 95.98899675304988,
    "best_cost": 696500,
    "best_allocation": [
      80,
      0,
      0,
      0,
      20,
      0,
      0
    ],
    "best_utility": 1229,
    "worst_budget_pct": 1.9983351800706723,
    "worst_cost": 14500,
    "worst_allocation": [
      0,
      0,
      0,
      0,
      0,
      100,
      0
    ],
    "worst_utility": 118,
    "group_names": [
      "sport and recreation",
      "education and science",
      "culture",
      "nature and greenery",
      "public transit and roads",
      "environmental protection",
      "community building"
    ],
    "all_budget_pcts": [
      5.788281211239188,
      7.78661639130986,
      7.78661639130986,
      7.78661639130986,
      7.78661639130986,
      1.9983351800706723,
      25.082551915369816,
      27.080887095440488,
      27.080887095440488,
      27.080887095440488,
      21.2926058842013,
      43.68774152292435,
      45.686076702995024,
      45.686076702995024,
      39.897795491755836,
      58.84752564759842,
      60.845860827669085,
      55.0575796164299,
      58.84752564759842,
      55.0575796164299,
      94.33520212126724,
      18.088378785122465,
      20.086713965193137,
      20.086713965193137,
      20.086713965193137,
      14.298432753953946,
      37.38264948925309,
      39.380984669323766,
      39.380984669323766,
      33.59270345808458,
      55.987839096807626,
      57.9861742768783,
      52.197893065639114,
      71.1476232214817,
      67.35767719031317,
      65.3593420102425,
      18.088378785122465,
      20.086713965193137,
      20.086713965193137,
      14.298432753953946,
      37.38264948925309,
      39.380984669323766,
      33.59270345808458,
      55.987839096807626,
      52.197893065639114,
      65.3593420102425,
      18.088378785122465,
      20.086713965193137,
      14.298432753953946,
      37.38264948925309,
      33.59270345808458,
      50.19955788556844,
      18.088378785122465,
      14.298432753953946,
      31.594368278013903,
      92.28863126443625,
      21.016973445570862,
      23.015308625641534,
      23.015308625641534,
      23.015308625641534,
      17.227027414402347,
      40.311244149701494,
      42.30957932977216,
      42.30957932977216,
      36.521298118532975,
      58.91643375725602,
      60.91476893732669,
      55.126487726087504,
      74.07621788193009,
      70.28627185076158,
      68.2879366706909,
      33.31707101945413,
      35.31540619952481,
      35.31540619952481,
      29.527124988285617,
      52.61134172358477,
      54.60967690365543,
      48.821395692416246,
      71.2165313311393,
      67.42658529997078,
      80.58803424457417,
      33.31707101945413,
      35.31540619952481,
      29.527124988285617,
      52.61134172358477,
      48.821395692416246,
      65.42825011990011,
      33.31707101945413,
      29.527124988285617,
      46.82306051234558,
      27.52878980821495,
      36.31457378956014,
      38.31290896963082,
      38.31290896963082,
      32.52462775839163,
      55.60884449369078,
      57.60717967376144,
      51.818898462522256,
      74.2140341012453,
      70.42408807007679,
      83.58553701468018,
      48.61467136344342,
      50.613006543514096,
      44.82472533227491,
      67.90894206757405,
      64.11899603640553,
      80.72585046388939,
      48.61467136344342,
      44.82472533227491,
      62.120660856334865,
      42.82639015220423,
      48.71803352792983,
      50.7163687080005,
      44.92808749676132,
      68.01230423206046,
      64.22235820089195,
      80.82921262837581,
      61.01813110181311,
      57.2281850706446,
      74.52412059470454,
      55.229849890573924,
      77.38380714549534,
      73.59386111432681,
      90.88979663838678,
      83.89562350813942,
      71.59552593425616,
      5.788281211239188,
      7.78661639130986,
      7.78661639130986,
      7.78661639130986,
      1.9983351800706723,
      25.082551915369816,
      27.080887095440488,
      27.080887095440488,
      21.2926058842013,
      43.68774152292435,
      45.686076702995024,
      39.897795491755836,
      58.84752564759842,
      55.0575796164299,
      53.05924443635922,
      18.088378785122465,
      20.086713965193137,
      20.086713965193137,
      14.298432753953946,
      37.38264948925309,
      39.380984669323766,
      33.59270345808458,
      55.987839096807626,
      52.197893065639114,
      65.3593420102425,
      18.088378785122465,
      20.086713965193137,
      14.298432753953946,
      37.38264948925309,
      33.59270345808458,
      50.19955788556844,
      18.088378785122465,
      14.298432753953946,
      31.594368278013903,
      12.300097573883276,
      21.016973445570862,
      23.015308625641534,
      23.015308625641534,
      17.227027414402347,
      40.311244149701494,
      42.30957932977216,
      36.521298118532975,
      58.91643375725602,
      55.126487726087504,
      68.2879366706909,
      33.31707101945413,
      35.31540619952481,
      29.527124988285617,
      52.61134172358477,
      48.821395692416246,
      65.42825011990011,
      33.31707101945413,
      29.527124988285617,
      46.82306051234558,
      27.52878980821495,
      36.31457378956014,
      38.31290896963082,
      32.52462775839163,
      55.60884449369078,
      51.818898462522256,
      68.42575289000612,
      48.61467136344342,
      44.82472533227491,
      62.120660856334865,
      42.82639015220423,
      48.71803352792983,
      44.92808749676132,
      62.22402302082127,
      55.229849890573924,
      71.59552593425616,
      30.59520068797857,
      32.59353586804924,
      32.59353586804924,
      26.80525465681005,
      49.8894713921092,
      51.88780657217986,
      46.09952536094068,
      68.49466099966372,
      64.70471496849521,
      77.8661639130986,
      42.89529826186184,
      44.893633441932515,
      39.10535223069333,
      62.18956896599247,
      58.39962293482396,
      75.0064773623078,
      42.89529826186184,
      39.10535223069333,
      56.401287754753284,
